Role_ID,Role_Type
750-67-8428,Nurse
226-31-3081,Nurse
631-41-3108,Nurse
123-19-1176,Nurse
373-73-7910,Nurse
699-14-3026,Nurse
355-53-5943,Nurse
315-22-5665,Nurse
665-32-9167,Nurse
692-92-5582,Nurse
351-62-0822,Nurse
529-56-3974,Nurse
365-64-0515,Nurse
252-56-2699,Nurse
829-34-3910,Nurse
299-46-1805,Nurse
656-95-9349,Nurse
765-26-6951,Nurse
329-62-1586,Nurse
319-50-3348,Nurse
300-71-4605,Nurse
371-85-5789,Nurse
273-16-6619,Nurse
636-48-8204,Nurse
549-59-1358,Nurse
227-03-5010,Nurse
649-29-6775,Nurse
189-17-4241,Nurse
145-94-9061,Nurse
848-62-7243,Nurse
871-79-8483,Nurse
149-71-6266,Nurse
640-49-2076,Nurse
595-11-5460,Nurse
183-56-6882,Nurse
232-16-2483,Nurse
129-29-8530,Nurse
272-65-1806,Nurse
333-73-7901,Nurse
777-82-7220,Nurse
280-35-5823,Nurse
554-53-8700,Nurse
354-25-5821,Nurse
228-96-1411,Nurse
617-15-4209,Nurse
132-32-9879,Nurse
370-41-7321,Nurse
727-46-3608,Nurse
669-54-1719,Nurse
574-22-5561,Nurse
326-78-5178,Nurse
162-48-8011,Nurse
616-24-2851,Nurse
778-71-5554,Nurse
242-55-6721,Nurse
399-46-5918,Nurse
106-35-6779,Nurse
635-40-6220,Nurse
817-48-8732,Nurse
120-06-4233,Nurse
285-68-5083,Nurse
803-83-5989,Nurse
347-34-2234,Nurse
199-75-8169,Nurse
853-23-2453,Nurse
877-22-3308,Nurse
838-78-4295,Nurse
109-28-2512,Nurse
232-11-3025,Nurse
382-03-4532,Nurse
393-65-2792,Nurse
796-12-2025,Nurse
510-95-6347,Nurse
841-35-6630,Nurse
287-21-9091,Nurse
732-94-0499,Nurse
263-10-3913,Nurse
381-20-0914,Nurse
829-49-1914,Nurse
756-01-7507,Nurse
870-72-4431,Nurse
847-38-7188,Nurse
480-63-2856,Nurse
787-56-0757,Nurse
360-39-5055,Nurse
730-50-9884,Nurse
362-58-8315,Nurse
633-44-8566,Nurse
504-35-8843,Nurse
318-68-5053,Nurse
565-80-5980,Nurse
225-32-0908,Nurse
873-51-0671,Nurse
152-08-9985,Nurse
512-91-0811,Nurse
594-34-4444,Nurse
766-85-7061,Nurse
871-39-9221,Nurse
865-92-6136,Nurse
733-01-9107,Patient
163-56-7055,Patient
189-98-2939,Patient
551-21-3069,Patient
212-62-1842,Patient
716-39-1409,Patient
704-48-3927,Patient
628-34-3388,Patient
630-74-5166,Patient
588-01-7461,Patient
861-77-0145,Patient
479-26-8945,Patient
210-67-5886,Patient
227-78-1148,Patient
645-44-1170,Patient
237-01-6122,Patient
225-98-1496,Patient
291-32-1427,Patient
659-65-8956,Patient
642-32-2990,Patient
378-24-2715,Patient
638-60-7125,Patient
659-36-1684,Patient
219-22-9386,Patient
336-78-2147,Patient
268-27-6179,Patient
668-90-8900,Patient
870-54-3162,Patient
189-08-9157,Patient
663-86-9076,Patient
549-84-7482,Patient
191-10-6171,Patient
802-70-5316,Patient
695-51-0018,Patient
590-83-4591,Patient
483-71-1164,Patient
597-78-7908,Patient
700-81-1757,Patient
354-39-5160,Patient
241-72-9525,Patient
575-30-8091,Patient
731-81-9469,Patient
280-17-4359,Patient
338-65-2210,Patient
488-25-4221,Patient
239-10-7476,Patient
458-41-1477,Patient
685-64-1609,Patient
568-90-5112,Patient
262-47-2794,Patient
238-49-0436,Patient
608-96-3517,Patient
584-86-7256,Patient
746-94-0204,Patient
214-17-6927,Patient
400-89-4171,Patient
782-95-9291,Patient
279-74-2924,Patient
307-85-2293,Patient
743-04-1105,Patient
423-57-2993,Patient
894-41-5205,Patient
275-28-0149,Patient
101-17-6199,Patient
423-80-0988,Patient
548-46-9322,Patient
505-02-0892,Patient
234-65-2137,Patient
687-47-8271,Patient
796-32-9050,Patient
105-31-1824,Patient
249-42-3782,Patient
316-55-4634,Patient
733-33-4967,Patient
608-27-6295,Patient
414-12-7047,Patient
827-26-2100,Patient
175-54-2529,Patient
139-52-2867,Patient
407-63-8975,Patient
342-65-4817,Patient
130-98-8941,Patient
434-83-9547,Patient
851-28-6367,Patient
824-88-3614,Patient
586-25-0848,Patient
895-66-0685,Patient
305-14-0245,Patient
732-04-5373,Patient
400-60-7251,Patient
593-65-1552,Patient
284-34-9626,Patient
437-58-8131,Patient
286-43-6208,Patient
641-43-2399,Patient
831-07-6050,Patient
556-86-3144,Patient
848-24-9445,Patient
856-22-8149,Patient
699-01-4164,Doctor
420-11-4919,Doctor
606-80-4905,Doctor
542-41-0513,Doctor
426-39-2418,Doctor
875-46-5808,Doctor
394-43-4238,Doctor
749-24-1565,Doctor
672-51-8681,Doctor
263-87-5680,Doctor
573-58-9734,Doctor
817-69-8206,Doctor
888-02-0338,Doctor
677-11-0152,Doctor
142-63-6033,Doctor
656-16-1063,Doctor
891-58-8335,Doctor
802-43-8934,Doctor
560-30-5617,Doctor
319-74-2561,Doctor
549-03-9315,Doctor
790-29-1172,Doctor
239-36-3640,Doctor
468-01-2051,Doctor
389-25-3394,Doctor
279-62-1445,Doctor
213-72-6612,Doctor
746-68-6593,Doctor
836-82-5858,Doctor
583-72-1480,Doctor
466-61-5506,Doctor
721-86-6247,Doctor
289-65-5721,Doctor
545-46-3100,Doctor
418-02-5978,Doctor
269-04-5750,Doctor
157-13-5295,Doctor
645-78-8093,Doctor
211-30-9270,Doctor
755-12-3214,Doctor
346-84-3103,Doctor
478-06-7835,Doctor
540-11-4336,Doctor
448-81-5016,Doctor
142-72-4741,Doctor
217-58-1179,Doctor
376-02-8238,Doctor
530-90-9855,Doctor
866-05-7563,Doctor
604-70-6476,Doctor
799-71-1548,Doctor
785-13-7708,Doctor
845-51-0542,Doctor
662-47-5456,Doctor
883-17-4236,Doctor
290-68-2984,Doctor
704-11-6354,Doctor
110-48-7033,Doctor
366-93-0948,Doctor
729-09-9681,Doctor
151-16-1484,Doctor
380-94-4661,Doctor
850-41-9669,Doctor
821-07-3596,Doctor
655-85-5130,Doctor
447-15-7839,Doctor
154-74-7179,Doctor
253-12-6086,Doctor
808-65-0703,Doctor
571-94-0759,Doctor
144-51-6085,Doctor
731-14-2199,Doctor
783-09-1637,Doctor
687-15-1097,Doctor
126-54-1082,Doctor
633-91-1052,Doctor
477-24-6490,Doctor
566-19-5475,Doctor
526-86-8552,Doctor
376-56-3573,Doctor
537-72-0426,Doctor
828-61-5674,Doctor
136-08-6195,Doctor
523-38-0215,Doctor
490-29-1201,Doctor
667-92-0055,Doctor
565-17-3836,Doctor
498-41-1961,Doctor
593-95-4461,Doctor
226-71-3580,Doctor
283-79-9594,Doctor
430-60-3493,Doctor
139-20-0155,Doctor
558-80-4082,Doctor
278-97-7759,Doctor
316-68-6352,Doctor
585-03-5943,Doctor
211-05-0490,Doctor
727-75-6477,Doctor
744-02-5987,Doctor
307-83-9164,Doctor
779-06-0012,Doctor
446-47-6729,Doctor
573-10-3877,Doctor
735-06-4124,Doctor
439-54-7422,Doctor
396-90-2219,Doctor
411-77-0180,Doctor
286-01-5402,Doctor
803-17-8013,Doctor
512-98-1403,Doctor
848-42-2560,Doctor
532-59-7201,Doctor
181-94-6432,Doctor
870-76-1733,Doctor
423-64-4619,Doctor
227-07-4446,Doctor
174-36-3675,Doctor
428-83-5800,Doctor
603-07-0961,Doctor
704-20-4138,Doctor
787-15-1757,Doctor
649-11-3678,Doctor
622-20-1945,Doctor
372-94-8041,Doctor
563-91-7120,Doctor
746-54-5508,Doctor
276-54-0879,Doctor
815-11-1168,Doctor
719-76-3868,Doctor
730-61-8757,Doctor
340-66-0321,Doctor
868-81-1752,Doctor
634-97-8956,Doctor
566-71-1091,Doctor
442-48-3607,Doctor
835-16-0096,Doctor
527-09-6272,Doctor
898-04-2717,Doctor
692-27-8933,Doctor
633-09-3463,Doctor
374-17-3652,Doctor
378-07-7001,Doctor
433-75-6987,Doctor
873-95-4984,Doctor
416-13-5917,Doctor
150-89-8043,Doctor
135-84-8019,Doctor
441-94-7118,Doctor
725-96-3778,Doctor
531-80-1784,Doctor
400-45-1220,Doctor
860-79-0874,Doctor
834-61-8124,Doctor
115-99-4379,Doctor
565-67-6697,Doctor
320-49-6392,Doctor
889-04-9723,Doctor
632-90-0281,Doctor
554-42-2417,Doctor
453-63-6187,Doctor
578-80-7669,Doctor
612-36-5536,Doctor
605-72-4132,Doctor
471-41-2823,Doctor
462-67-9126,Doctor
272-27-9238,Doctor
834-25-9262,Doctor
122-61-9553,Doctor
468-88-0009,Doctor
613-59-9758,Doctor
254-31-0042,Doctor
201-86-2184,Doctor
261-12-8671,Doctor
730-70-9830,Doctor
382-25-8917,Doctor
422-29-8786,Doctor
667-23-5919,Doctor
843-01-4703,Doctor
743-88-1662,Doctor
595-86-2894,Doctor
182-69-8360,Doctor
289-15-7034,Doctor
462-78-5240,Doctor
868-52-7573,Doctor
153-58-4872,Doctor
662-72-2873,Doctor
525-88-7307,Doctor
689-16-9784,Doctor
725-56-0833,Doctor
394-41-0748,Doctor
596-42-3999,Doctor
541-89-9860,Doctor
173-82-9529,Doctor
563-36-9814,Doctor
308-47-4913,Doctor
885-17-6250,Doctor
726-27-2396,Doctor
316-01-3952,Doctor
760-54-1821,Doctor
793-10-3222,Admin
346-12-3257,Admin
110-05-6330,Admin
651-61-0874,Admin
236-86-3015,Admin
831-64-0259,Admin
587-03-7455,Admin
882-40-4577,Admin
732-67-5346,Admin
725-32-9708,Admin
256-08-8343,Admin
372-26-1506,Admin
244-08-0162,Admin
569-71-4390,Admin
132-23-6451,Admin
696-90-2548,Admin
472-15-9636,Admin
268-03-6164,Admin
750-57-9686,Admin
186-09-3669,Admin
848-07-1692,Admin
745-71-3520,Admin
266-76-6436,Admin
740-22-2500,Admin
271-88-8734,Admin
301-81-8610,Admin
489-64-4354,Admin
198-84-7132,Admin
269-10-8440,Admin
650-98-6268,Admin
741-73-3559,Admin
325-77-6186,Admin
286-75-7818,Admin
574-57-9721,Admin
459-50-7686,Admin
616-87-0016,Admin
837-55-7229,Admin
751-69-0068,Admin
257-73-1380,Admin
345-08-4992,Admin
549-96-4200,Admin
810-60-6344,Admin
450-28-2866,Admin
394-30-3170,Admin
138-17-5109,Admin
192-98-7397,Admin
301-11-9629,Admin
390-80-5128,Admin
235-46-8343,Admin
453-12-7053,Admin
296-11-7041,Admin
449-27-2918,Patient
891-01-7034,Patient
744-09-5786,Patient
727-17-0390,Patient
568-88-3448,Patient
187-83-5490,Patient
767-54-1907,Patient
710-46-4433,Patient
533-33-5337,Patient
325-90-8763,Patient
729-46-7422,Patient
639-76-1242,Patient
234-03-4040,Patient
326-71-2155,Patient
320-32-8842,Patient
470-32-9057,Patient
878-30-2331,Patient
440-59-5691,Patient
554-53-3790,Patient
746-19-0921,Patient
233-34-0817,Patient
767-05-1286,Patient
340-21-9136,Patient
405-31-3305,Patient
731-59-7531,Patient
676-39-6028,Patient
502-05-1910,Patient
485-30-8700,Patient
598-47-9715,Patient
701-69-8742,Patient
575-67-1508,Patient
541-08-3113,Patient
246-11-3901,Patient
674-15-9296,Patient
305-18-3552,Patient
493-65-6248,Patient
438-01-4015,Patient
709-58-4068,Patient
795-49-7276,Patient
556-72-8512,Patient
627-95-3243,Patient
686-41-0932,Patient
510-09-5628,Patient
608-04-3797,Patient
148-82-2527,Patient
437-53-3084,Patient
632-32-4574,Patient
556-97-7101,Patient
862-59-8517,Patient
401-18-8016,Patient
,Patient
